Time,User,IP,Key
2025-12-27 18:58:47,admin,127.0.0.1,"a
"
2025-12-27 18:58:47,admin,127.0.0.1,"z
"
2025-12-27 18:58:47,admin,127.0.0.1,"c
"
2025-12-27 18:58:47,admin,127.0.0.1," 
"
2025-12-27 18:58:47,admin,127.0.0.1," 
"
2025-12-27 18:58:47,admin,127.0.0.1,"a
"
2025-12-27 18:58:48,admin,127.0.0.1,"s
"
2025-12-27 18:58:48,admin,127.0.0.1,"d
"
2025-12-27 18:58:48,admin,127.0.0.1,";
"
2025-12-27 18:58:48,admin,127.0.0.1," 
"
2025-12-27 18:58:48,admin,127.0.0.1,"d
"
2025-12-27 18:58:48,admin,127.0.0.1,"s
"
2025-12-27 18:58:48,admin,127.0.0.1," 
"
2025-12-27 18:58:48,admin,127.0.0.1,"c
"
2025-12-27 18:58:48,admin,127.0.0.1," 
"
2025-12-27 18:58:48,admin,127.0.0.1,"a
"
2025-12-27 18:58:48,admin,127.0.0.1,"d
"
2025-12-27 18:58:49,admin,127.0.0.1," 
"
2025-12-27 18:58:49,admin,127.0.0.1,"c
"
2025-12-27 18:58:49,admin,127.0.0.1," 
"
2025-12-27 18:58:49,admin,127.0.0.1,"a
"
2025-12-27 18:58:49,admin,127.0.0.1,"s
"
2025-12-27 18:58:49,admin,127.0.0.1," 
"
2025-12-27 18:58:49,admin,127.0.0.1,"d
"
2025-12-27 18:58:49,admin,127.0.0.1,"c
"
2025-12-27 18:58:49,admin,127.0.0.1,"9
"
2025-12-27 18:58:49,admin,127.0.0.1,"i
"
2025-12-27 18:58:49,admin,127.0.0.1,"u
"
2025-12-27 18:58:49,admin,127.0.0.1,"s
"
2025-12-27 18:58:50,admin,127.0.0.1,"d
"
2025-12-27 18:58:50,admin,127.0.0.1,"c
"
2025-12-27 18:58:50,admin,127.0.0.1,"Shift
"
2025-12-27 18:58:50,admin,127.0.0.1,"S
"
2025-12-27 18:58:50,admin,127.0.0.1," 
"
2025-12-27 18:58:50,admin,127.0.0.1,"D
"
2025-12-27 18:58:50,admin,127.0.0.1,"c
"
2025-12-27 18:58:50,admin,127.0.0.1," 
"
2025-12-27 18:58:50,admin,127.0.0.1,"Shift
"
2025-12-27 18:58:50,admin,127.0.0.1,"S
"
2025-12-27 18:58:50,admin,127.0.0.1,"D
"
2025-12-27 18:58:50,admin,127.0.0.1,"o
"
2025-12-27 18:58:50,admin,127.0.0.1,"c
"
2025-12-27 18:58:50,admin,127.0.0.1," 
"
2025-12-27 18:58:51,admin,127.0.0.1,"s
"
2025-12-27 18:58:51,admin,127.0.0.1,";
"
2025-12-27 18:58:51,admin,127.0.0.1,"o
"
2025-12-27 18:58:51,admin,127.0.0.1,"d
"
2025-12-27 18:58:51,admin,127.0.0.1," 
"
2025-12-27 18:58:51,admin,127.0.0.1,"u
"
2025-12-27 18:58:51,admin,127.0.0.1,"c
"
2025-12-27 18:58:51,admin,127.0.0.1,"s
"
2025-12-27 18:58:51,admin,127.0.0.1,"Backspace
"
2025-12-27 18:58:51,admin,127.0.0.1,"Backspace
"
2025-12-27 18:58:51,admin,127.0.0.1,"Backspace
"
2025-12-27 18:58:52,admin,127.0.0.1,"Backspace
"
2025-12-27 18:58:52,admin,127.0.0.1,"Backspace
"
2025-12-27 18:58:52,admin,127.0.0.1,"Backspace
"
2025-12-27 18:58:52,admin,127.0.0.1,"Backspace
"
2025-12-27 18:58:52,admin,127.0.0.1,"Backspace
"
2025-12-27 18:58:52,admin,127.0.0.1,"Backspace
"
2025-12-27 18:58:52,admin,127.0.0.1,"Backspace
"
2025-12-27 18:58:52,admin,127.0.0.1,"Backspace
"
2025-12-27 18:58:52,admin,127.0.0.1,"Backspace
"
2025-12-27 18:58:52,admin,127.0.0.1,"Backspace
"
2025-12-27 18:58:52,admin,127.0.0.1,"Backspace
"
2025-12-27 18:58:52,admin,127.0.0.1,"Backspace
"
2025-12-27 18:58:52,admin,127.0.0.1,"Backspace
"
2025-12-27 18:58:52,admin,127.0.0.1,"Backspace
"
2025-12-27 18:58:52,admin,127.0.0.1,"Backspace
"
2025-12-27 18:58:52,admin,127.0.0.1,"Backspace
"
2025-12-27 18:58:52,admin,127.0.0.1,"Backspace
"
2025-12-27 18:58:52,admin,127.0.0.1,"Backspace
"
2025-12-27 18:58:52,admin,127.0.0.1,"Backspace
"
2025-12-27 18:58:52,admin,127.0.0.1,"Backspace
"
2025-12-27 18:58:52,admin,127.0.0.1,"Backspace
"
2025-12-27 18:58:52,admin,127.0.0.1,"Backspace
"
2025-12-27 18:58:52,admin,127.0.0.1,"Backspace
"
2025-12-27 18:58:52,admin,127.0.0.1,"Backspace
"
2025-12-27 18:58:52,admin,127.0.0.1,"Backspace
"
2025-12-27 18:58:52,admin,127.0.0.1,"Backspace
"
2025-12-27 18:58:52,admin,127.0.0.1,"Backspace
"
2025-12-27 18:58:52,admin,127.0.0.1,"Backspace
"
2025-12-27 18:58:52,admin,127.0.0.1,"Backspace
"
2025-12-27 18:58:52,admin,127.0.0.1,"Backspace
"
2025-12-27 18:58:53,admin,127.0.0.1,"Backspace
"
2025-12-27 18:58:53,admin,127.0.0.1,"Backspace
"
2025-12-27 18:58:53,admin,127.0.0.1,"Backspace
"
2025-12-27 18:58:53,admin,127.0.0.1,"Backspace
"
2025-12-27 18:58:53,admin,127.0.0.1,"Backspace
"
2025-12-27 18:58:53,admin,127.0.0.1,"Backspace
"
2025-12-27 18:58:53,admin,127.0.0.1,"Backspace
"
2025-12-27 18:58:53,admin,127.0.0.1,"Backspace
"
2025-12-27 18:58:53,admin,127.0.0.1,"Backspace
"
2025-12-27 18:58:53,admin,127.0.0.1,"Backspace
"
2025-12-27 18:58:53,admin,127.0.0.1,"Backspace
"
2025-12-27 18:58:53,admin,127.0.0.1,"Backspace
"
2025-12-27 18:58:53,admin,127.0.0.1,"Backspace
"
2025-12-27 18:58:53,admin,127.0.0.1,"Backspace
"
2025-12-27 18:58:53,admin,127.0.0.1,"Backspace
"
2025-12-27 18:58:53,admin,127.0.0.1,"Backspace
"
2025-12-27 18:58:53,admin,127.0.0.1,"Backspace
"
2025-12-27 18:58:53,admin,127.0.0.1,"Backspace
"
2025-12-27 18:58:53,admin,127.0.0.1,"Backspace
"
2025-12-27 18:58:53,admin,127.0.0.1,"Backspace
"
2025-12-27 18:58:53,admin,127.0.0.1,"Backspace
"
2025-12-27 18:58:53,admin,127.0.0.1,"Backspace
"
2025-12-27 18:58:53,admin,127.0.0.1,"Backspace
"
2025-12-27 18:58:53,admin,127.0.0.1,"Backspace
"
2025-12-27 18:58:53,admin,127.0.0.1,"Backspace
"
2025-12-27 18:58:53,admin,127.0.0.1,"Backspace
"
2025-12-27 18:58:53,admin,127.0.0.1,"Backspace
"
2025-12-27 18:58:53,admin,127.0.0.1,"Backspace
"
2025-12-27 18:58:53,admin,127.0.0.1,"Backspace
"
2025-12-27 18:58:53,admin,127.0.0.1,"Backspace
"
2025-12-27 18:58:54,admin,127.0.0.1,"Backspace
"
2025-12-27 18:58:54,admin,127.0.0.1,"Backspace
"
2025-12-27 18:58:54,admin,127.0.0.1,"Backspace
"
2025-12-27 18:58:54,admin,127.0.0.1,"Backspace
"
2025-12-27 18:58:54,admin,127.0.0.1,"Backspace
"
2025-12-27 18:58:54,admin,127.0.0.1,"Backspace
"
2025-12-27 18:58:54,admin,127.0.0.1,"Backspace
"
